time, Ex_field_energy, Ex_max_norm
0.0000000000e+00 1.1374745988e+03 2.0347407353e+01
4.9087385212e-02 1.1337368388e+03 2.1127279583e+01
9.8174770425e-02 1.1324086149e+03 2.0993271282e+01
1.4726215564e-01 1.1355477939e+03 2.4852250880e+01
1.9634954085e-01 1.1270988123e+03 2.0490263789e+01
2.4543692606e-01 1.1202924596e+03 2.0356950705e+01
time, Ex_field_energy, Ex_max_norm
0.0000000000e+00 1.1374745988e+03 2.0347407356e+01
4.9087385212e-02 1.1337368388e+03 2.1127279585e+01
9.8174770425e-02 1.1324086149e+03 2.0993271282e+01
1.4726215564e-01 1.1355477939e+03 2.4852250879e+01
1.9634954085e-01 1.1270988122e+03 2.0490263789e+01
2.4543692606e-01 1.1202924595e+03 2.0356950683e+01
2.9452431127e-01 1.1249814424e+03 2.1056399718e+01
3.4361169649e-01 1.1230470221e+03 2.1069627949e+01
3.9269908170e-01 1.1223631482e+03 2.0198491038e+01
4.4178646691e-01 1.1200306891e+03 2.3904074690e+01
4.9087385212e-01 1.1193863349e+03 2.0512800280e+01
5.3996123734e-01 1.1147937384e+03 1.9889306335e+01
5.8904862255e-01 1.1182512648e+03 2.0701312780e+01
6.3813600776e-01 1.0963643803e+03 2.0418242752e+01
6.8722339297e-01 1.0952052575e+03 1.9937440015e+01
7.3631077819e-01 1.0892215866e+03 2.4170173278e+01
7.8539816340e-01 1.0938422779e+03 2.0305479891e+01
8.3448554861e-01 1.0869149286e+03 2.0938197177e+01
8.8357293382e-01 1.0825052042e+03 1.9968477610e+01
9.3266031903e-01 1.0793651404e+03 2.1124036447e+01
9.8174770425e-01 1.0819378915e+03 2.8040323258e+01
1.0308350895e+00 1.0777332281e+03 2.0783746148e+01
1.0799224747e+00 1.0834697007e+03 2.4879244964e+01
1.1290098599e+00 1.0882755863e+03 2.2141514232e+01
1.1780972451e+00 1.0845490381e+03 2.3744756143e+01
1.2271846303e+00 1.0823014699e+03 2.1494769973e+01
1.2762720155e+00 1.0815871046e+03 2.0883632004e+01
1.3253594007e+00 1.0775219159e+03 2.4231833989e+01
1.3744467859e+00 1.0738542651e+03 2.0919620264e+01
1.4235341712e+00 1.0780428821e+03 2.0567047382e+01
1.4726215564e+00 1.0768998797e+03 2.0420659763e+01
1.5217089416e+00 1.0811184341e+03 2.2877725416e+01
1.5707963268e+00 1.0753562994e+03 2.2864292397e+01
1.6198837120e+00 1.0717470990e+03 2.0827356279e+01
1.6689710972e+00 1.0718783007e+03 2.0974646639e+01
1.7180584824e+00 1.0732275932e+03 2.0741413104e+01
1.7671458676e+00 1.0808416766e+03 2.1570982302e+01
1.8162332529e+00 1.0868399811e+03 2.0708661233e+01
1.8653206381e+00 1.0825184917e+03 1.9594779401e+01
1.9144080233e+00 1.0826796474e+03 2.7203698848e+01
1.9634954085e+00 1.0875911432e+03 2.1423710583e+01
2.0125827937e+00 1.0877341527e+03 2.0529876597e+01
2.0616701789e+00 1.0820923180e+03 2.0682604516e+01
2.1107575641e+00 1.0892898375e+03 2.0184571034e+01
2.1598449493e+00 1.0844146685e+03 2.0893096766e+01
2.2089323346e+00 1.0814091963e+03 1.9684811622e+01
2.2580197198e+00 1.0829544369e+03 2.0354366925e+01
2.3071071050e+00 1.0903729293e+03 2.0951074997e+01
2.3561944902e+00 1.0880535579e+03 1.9853434005e+01
2.4052818754e+00 1.0922524702e+03 2.0509379956e+01
2.4543692606e+00 1.0915096708e+03 2.0970644497e+01
2.5034566458e+00 1.0846640156e+03 2.0429855261e+01
2.5525440310e+00 1.0932245309e+03 2.4747599841e+01
2.6016314163e+00 1.0899508459e+03 2.1387025149e+01
2.6507188015e+00 1.0855520959e+03 1.9889275641e+01
2.6998061867e+00 1.0839445825e+03 2.0835570300e+01
2.7488935719e+00 1.0767274460e+03 2.0643892127e+01
2.7979809571e+00 1.0683442973e+03 1.9848375645e+01
2.8470683423e+00 1.0741098227e+03 1.9397759557e+01
2.8961557275e+00 1.0661450500e+03 2.0516983829e+01
2.9452431127e+00 1.0561897016e+03 1.9417734241e+01
2.9943304980e+00 1.0545227908e+03 2.0953923198e+01
3.0434178832e+00 1.0584512943e+03 1.9938456419e+01
3.0925052684e+00 1.0596162786e+03 1.9933854426e+01
3.1415926536e+00 1.0601866078e+03 2.0417608431e+01
3.1906800388e+00 1.0607251284e+03 2.0298858399e+01
3.2397674240e+00 1.0544777694e+03 2.0357324060e+01
3.2888548092e+00 1.0551779953e+03 2.1244140140e+01
3.3379421944e+00 1.0581374290e+03 1.9948775990e+01
3.3870295797e+00 1.0584647777e+03 2.1616412914e+01
3.4361169649e+00 1.0668871950e+03 2.0352441702e+01
3.4852043501e+00 1.0578682387e+03 1.9939460305e+01
3.5342917353e+00 1.0583497115e+03 2.0290055919e+01
3.5833791205e+00 1.0568699084e+03 2.0616787346e+01
3.6324665057e+00 1.0521683898e+03 2.0371626392e+01
3.6815538909e+00 1.0663474397e+03 2.1194246532e+01
3.7306412761e+00 1.0609932902e+03 2.0127256843e+01
3.7797286614e+00 1.0631229551e+03 2.0700148020e+01
3.8288160466e+00 1.0559880420e+03 2.1047734937e+01
3.8779034318e+00 1.0678218766e+03 2.2723582004e+01
3.9269908170e+00 1.0608613224e+03 2.0196256117e+01
3.9760782022e+00 1.0678033543e+03 2.0871826267e+01
4.0251655874e+00 1.0579258543e+03 2.1019057618e+01
4.0742529726e+00 1.0615133543e+03 2.0012534316e+01
4.1233403578e+00 1.0601122942e+03 2.0610929713e+01
4.1724277430e+00 1.0612724181e+03 2.0371167319e+01
4.2215151283e+00 1.0590532055e+03 2.2897720705e+01
4.2706025135e+00 1.0682806489e+03 2.1469286864e+01
4.3196898987e+00 1.0665517050e+03 2.0408764936e+01
4.3687772839e+00 1.0634619326e+03 2.0055817048e+01
4.4178646691e+00 1.0570084942e+03 2.0393465045e+01
4.4669520543e+00 1.0629103909e+03 2.0519878826e+01
4.5160394395e+00 1.0732629778e+03 1.9499690165e+01
4.5651268247e+00 1.0688040447e+03 2.5073340161e+01
4.6142142100e+00 1.0667978283e+03 2.3881262178e+01
4.6633015952e+00 1.0656626279e+03 1.9558447533e+01
4.7123889804e+00 1.0635946088e+03 2.0299750846e+01
4.7614763656e+00 1.0676476650e+03 2.0528666526e+01
4.8105637508e+00 1.0585652188e+03 2.0996960159e+01
4.8596511360e+00 1.0595536991e+03 2.0883704305e+01
4.9087385212e+00 1.0587108663e+03 2.0263709300e+01
time, Ex_field_energy, Ex_max_norm
0.0000000000e+00 1.1374745988e+03 2.0347407356e+01
4.9087385212e-02 1.1337368388e+03 2.1127279585e+01
time, Ex_field_energy, Ex_max_norm
0.0000000000e+00 5.5855052944e+02 6.4288326837e+00
time, Ex_field_energy, Ex_max_norm
0.0000000000e+00 5.5855052944e+02 6.4288326837e+00
time, Ex_field_energy, Ex_max_norm
0.0000000000e+00 5.5855052944e+02 6.4288326837e+00
5.0000000000e-02 5.5753965242e+02 5.9103321324e+00
1.0000000000e-01 5.5481562412e+02 6.4855282304e+00
1.5000000000e-01 5.5128152006e+02 8.8988566831e+00
2.0000000000e-01 5.4958748343e+02 7.0468385733e+00
2.5000000000e-01 5.4765304584e+02 7.0302042770e+00
3.0000000000e-01 5.4143030041e+02 5.9500759799e+00
3.5000000000e-01 5.4646415857e+02 6.6096305946e+00
4.0000000000e-01 5.3973519670e+02 6.0528904813e+00
4.5000000000e-01 5.2300063655e+02 6.1711754823e+00
5.0000000000e-01 5.3630577138e+02 6.5548042047e+00
5.5000000000e-01 5.3725497302e+02 6.3991182816e+00
time, Ex_field_energy, Ex_max_norm
0.0000000000e+00 5.5855048329e+02 6.4288325947e+00
time, Ex_field_energy, Ex_max_norm
0.0000000000e+00 5.5855047718e+02 6.4288326100e+00
5.0000000000e-02 5.5753944927e+02 5.9103320474e+00
1.0000000000e-01 5.5481534391e+02 6.4855277881e+00
1.5000000000e-01 5.5128152106e+02 8.8988565912e+00
2.0000000000e-01 5.5128152106e+02 8.8988565912e+00
2.5000000000e-01 5.5128152106e+02 8.8988565912e+00
3.0000000000e-01 5.5128152106e+02 8.8988565912e+00
3.5000000000e-01 5.5128152106e+02 8.8988565912e+00
4.0000000000e-01 4.9226365790e+02 6.4950396874e+00
4.5000000000e-01 4.5023035434e+02 6.2485446771e+00
time, Ex_field_energy, Ex_max_norm
0.0000000000e+00 5.5855037765e+02 6.4288322413e+00
5.0000000000e-02 5.5753944939e+02 5.9103320477e+00
time, Ex_field_energy, Ex_max_norm
0.0000000000e+00 5.5855047719e+02 6.4288326100e+00
time, Ex_field_energy, Ex_max_norm
0.0000000000e+00 2.6829876562e+02 2.4791547289e+00
5.0000000000e-02 2.6912627384e+02 2.2270675008e+00
time, Ex_field_energy, Ex_max_norm
0.0000000000e+00 2.6829876562e+02 2.4791547289e+00
5.0000000000e-02 2.6912627384e+02 2.2270675008e+00
1.0000000000e-01 2.6828745231e+02 1.9749059777e+00
1.5000000000e-01 2.6695150109e+02 1.9735452650e+00
2.0000000000e-01 2.6508931484e+02 2.1849133064e+00
2.5000000000e-01 2.6395136501e+02 2.3177867296e+00
3.0000000000e-01 2.6159984399e+02 2.3249471401e+00
3.5000000000e-01 2.5931232543e+02 2.7159998171e+00
4.0000000000e-01 2.5637084468e+02 2.2543895992e+00
4.5000000000e-01 2.5251991810e+02 2.0348945057e+00
5.0000000000e-01 2.4908440293e+02 1.9922192719e+00
5.5000000000e-01 2.4677185241e+02 1.9894715669e+00
6.0000000000e-01 2.4411983191e+02 2.1086938199e+00
6.5000000000e-01 2.4080297414e+02 2.2278972649e+00
7.0000000000e-01 2.3819281297e+02 2.3529569913e+00
7.5000000000e-01 2.3615095562e+02 2.1660451434e+00
8.0000000000e-01 2.3171458469e+02 1.9879762673e+00
8.5000000000e-01 2.2846669579e+02 2.1530873388e+00
9.0000000000e-01 2.2909157867e+02 2.2061549756e+00
9.5000000000e-01 2.2975981816e+02 2.2382463209e+00
1.0000000000e+00 2.2902569760e+02 2.2815355164e+00
1.0500000000e+00 2.2800742671e+02 2.0863476719e+00
1.1000000000e+00 2.2824621732e+02 2.0508308041e+00
1.1500000000e+00 2.2796480056e+02 2.0698291747e+00
1.2000000000e+00 2.2613046368e+02 2.0010977950e+00
1.2500000000e+00 2.2468010547e+02 1.9292807624e+00
1.3000000000e+00 2.2464681594e+02 1.7439089840e+00
1.3500000000e+00 2.2560406319e+02 1.8228951727e+00
1.4000000000e+00 2.2571322876e+02 1.7923348341e+00
1.4500000000e+00 2.2493828647e+02 1.9965484416e+00
1.5000000000e+00 2.2406046981e+02 1.9596359364e+00
1.5500000000e+00 2.2286964581e+02 2.3083982494e+00
1.6000000000e+00 2.2016440805e+02 2.3098669173e+00
1.6500000000e+00 2.1768368728e+02 2.1594766453e+00
1.7000000000e+00 2.1639342978e+02 2.2408310837e+00
1.7500000000e+00 2.1624696861e+02 2.1493928343e+00
1.8000000000e+00 2.1624670190e+02 2.0306692055e+00
1.8500000000e+00 2.1818344851e+02 1.9538756396e+00
1.9000000000e+00 2.1911841249e+02 2.0135757328e+00
1.9500000000e+00 2.2170474396e+02 2.2264022693e+00
2.0000000000e+00 2.2317587944e+02 2.5361916140e+00
2.0500000000e+00 2.2348168503e+02 2.5409568476e+00
2.1000000000e+00 2.2332709167e+02 2.2181035988e+00
2.1500000000e+00 2.2544225423e+02 2.1461281232e+00
2.2000000000e+00 2.2719620138e+02 1.9554910947e+00
2.2500000000e+00 2.2820624333e+02 2.0722453011e+00
2.3000000000e+00 2.2824163047e+02 2.0381667609e+00
2.3500000000e+00 2.2800938442e+02 2.0401166237e+00
2.4000000000e+00 2.2688351659e+02 2.0784192426e+00
2.4500000000e+00 2.2358150305e+02 2.0796214956e+00
2.5000000000e+00 2.2174446516e+02 2.3818900044e+00
2.5500000000e+00 2.2207847409e+02 2.4183748835e+00
2.6000000000e+00 2.2098601963e+02 2.2714311928e+00
2.6500000000e+00 2.2035965655e+02 2.1167738517e+00
2.7000000000e+00 2.1773383660e+02 1.9240980737e+00
2.7500000000e+00 2.1620268309e+02 1.8724609565e+00
2.8000000000e+00 2.1671964399e+02 1.9266625781e+00
2.8500000000e+00 2.1579380122e+02 2.0284898843e+00
2.9000000000e+00 2.1541753815e+02 2.1411046055e+00
2.9500000000e+00 2.1434453087e+02 2.0206690876e+00
3.0000000000e+00 2.1299147905e+02 1.9360008574e+00
3.0500000000e+00 2.1173736323e+02 1.7909717763e+00
3.1000000000e+00 2.0994614157e+02 2.1244411888e+00
3.1500000000e+00 2.0687403642e+02 2.3002021527e+00
3.2000000000e+00 2.0354003459e+02 2.4911644899e+00
3.2500000000e+00 1.9983156907e+02 2.3991921210e+00
3.3000000000e+00 1.9682944382e+02 2.2944660017e+00
3.3500000000e+00 1.9502915882e+02 2.1606137803e+00
3.4000000000e+00 1.9215256773e+02 1.9942047688e+00
3.4500000000e+00 1.8961615417e+02 1.8419167590e+00
3.5000000000e+00 1.8895699206e+02 2.2193040611e+00
3.5500000000e+00 1.8992354171e+02 2.4273208287e+00
3.6000000000e+00 1.9087647333e+02 2.1482951964e+00
3.6500000000e+00 1.9372925752e+02 1.9814437272e+00
3.7000000000e+00 1.9693743880e+02 2.0286943739e+00
3.7500000000e+00 2.0136932453e+02 2.1054054061e+00
3.8000000000e+00 2.0495582693e+02 2.3421922713e+00
3.8500000000e+00 2.0750144438e+02 2.2924626431e+00
3.9000000000e+00 2.0938166334e+02 2.0242147999e+00
3.9500000000e+00 2.1088966755e+02 2.1330343427e+00
4.0000000000e+00 2.1074720193e+02 2.4532325719e+00
4.0500000000e+00 2.0996368870e+02 2.5797495137e+00
4.1000000000e+00 2.0856735671e+02 2.0598980525e+00
4.1500000000e+00 2.0709830546e+02 2.0712420618e+00
4.2000000000e+00 2.0604028246e+02 2.0655987511e+00
4.2500000000e+00 2.0431239345e+02 1.9453859070e+00
4.3000000000e+00 2.0227465094e+02 2.0595626195e+00
4.3500000000e+00 2.0076463663e+02 1.7812506436e+00
4.4000000000e+00 1.9980332615e+02 1.9979407966e+00
4.4500000000e+00 2.0085686893e+02 2.1001460618e+00
4.5000000000e+00 2.0221761072e+02 2.1034060099e+00
4.5500000000e+00 2.0239310452e+02 2.1170984629e+00
4.6000000000e+00 2.0284246487e+02 2.1240273403e+00
4.6500000000e+00 2.0481196002e+02 1.9614438619e+00
4.7000000000e+00 2.0645574173e+02 2.2200997169e+00
4.7500000000e+00 2.0691108506e+02 2.2702165246e+00
4.8000000000e+00 2.0553372554e+02 2.2715560241e+00
4.8500000000e+00 2.0336723217e+02 2.4081166367e+00
4.9000000000e+00 2.0192713311e+02 2.5947644312e+00
4.9500000000e+00 2.0115367431e+02 2.6021280522e+00
5.0000000000e+00 1.9962370550e+02 2.3576365146e+00
time, Ex_field_energy, Ex_max_norm
0.0000000000e+00 2.6829876562e+02 2.4791547289e+00
5.0000000000e-02 2.6912627384e+02 2.2270675008e+00
1.0000000000e-01 2.6828745231e+02 1.9749059777e+00
1.5000000000e-01 2.6695150109e+02 1.9735452650e+00
2.0000000000e-01 2.6508931484e+02 2.1849133064e+00
2.5000000000e-01 2.6395136501e+02 2.3177867296e+00
3.0000000000e-01 2.6159984399e+02 2.3249471401e+00
3.5000000000e-01 2.5931232543e+02 2.7159998171e+00
4.0000000000e-01 2.5637084468e+02 2.2543895992e+00
4.5000000000e-01 2.5251991810e+02 2.0348945057e+00
5.0000000000e-01 2.4908440293e+02 1.9922192719e+00
5.5000000000e-01 2.4677185241e+02 1.9894715669e+00
6.0000000000e-01 2.4411983191e+02 2.1086938199e+00
6.5000000000e-01 2.4080297414e+02 2.2278972649e+00
7.0000000000e-01 2.3819281297e+02 2.3529569913e+00
7.5000000000e-01 2.3615095562e+02 2.1660451434e+00
8.0000000000e-01 2.3171458469e+02 1.9879762673e+00
8.5000000000e-01 2.2846669579e+02 2.1530873388e+00
9.0000000000e-01 2.2909157867e+02 2.2061549756e+00
9.5000000000e-01 2.2975981816e+02 2.2382463209e+00
1.0000000000e+00 2.2902569760e+02 2.2815355164e+00
1.0500000000e+00 2.2800742671e+02 2.0863476719e+00
1.1000000000e+00 2.2824621732e+02 2.0508308041e+00
1.1500000000e+00 2.2796480056e+02 2.0698291747e+00
1.2000000000e+00 2.2613046368e+02 2.0010977950e+00
1.2500000000e+00 2.2468010547e+02 1.9292807624e+00
1.3000000000e+00 2.2464681594e+02 1.7439089840e+00
1.3500000000e+00 2.2560406319e+02 1.8228951727e+00
1.4000000000e+00 2.2571322876e+02 1.7923348341e+00
1.4500000000e+00 2.2493828647e+02 1.9965484416e+00
1.5000000000e+00 2.2406046981e+02 1.9596359364e+00
1.5500000000e+00 2.2286964581e+02 2.3083982494e+00
1.6000000000e+00 2.2016440805e+02 2.3098669173e+00
1.6500000000e+00 2.1768368728e+02 2.1594766453e+00
1.7000000000e+00 2.1639342978e+02 2.2408310837e+00
1.7500000000e+00 2.1624696861e+02 2.1493928343e+00
1.8000000000e+00 2.1624670190e+02 2.0306692055e+00
1.8500000000e+00 2.1818344851e+02 1.9538756396e+00
1.9000000000e+00 2.1911841249e+02 2.0135757328e+00
1.9500000000e+00 2.2170474396e+02 2.2264022693e+00
2.0000000000e+00 2.2317587944e+02 2.5361916140e+00
2.0500000000e+00 2.2348168503e+02 2.5409568476e+00
2.1000000000e+00 2.2332709167e+02 2.2181035988e+00
2.1500000000e+00 2.2544225423e+02 2.1461281232e+00
2.2000000000e+00 2.2719620138e+02 1.9554910947e+00
2.2500000000e+00 2.2820624333e+02 2.0722453011e+00
2.3000000000e+00 2.2824163047e+02 2.0381667609e+00
2.3500000000e+00 2.2800938442e+02 2.0401166237e+00
2.4000000000e+00 2.2688351659e+02 2.0784192426e+00
2.4500000000e+00 2.2358150305e+02 2.0796214956e+00
2.5000000000e+00 2.2174446516e+02 2.3818900044e+00
2.5500000000e+00 2.2207847409e+02 2.4183748835e+00
2.6000000000e+00 2.2098601963e+02 2.2714311928e+00
2.6500000000e+00 2.2035965655e+02 2.1167738517e+00
2.7000000000e+00 2.1773383660e+02 1.9240980737e+00
2.7500000000e+00 2.1620268309e+02 1.8724609565e+00
2.8000000000e+00 2.1671964399e+02 1.9266625781e+00
2.8500000000e+00 2.1579380122e+02 2.0284898843e+00
2.9000000000e+00 2.1541753815e+02 2.1411046055e+00
2.9500000000e+00 2.1434453087e+02 2.0206690876e+00
3.0000000000e+00 2.1299147905e+02 1.9360008574e+00
3.0500000000e+00 2.1173736323e+02 1.7909717763e+00
3.1000000000e+00 2.0994614157e+02 2.1244411888e+00
3.1500000000e+00 2.0687403642e+02 2.3002021527e+00
3.2000000000e+00 2.0354003459e+02 2.4911644899e+00
3.2500000000e+00 1.9983156907e+02 2.3991921210e+00
3.3000000000e+00 1.9682944382e+02 2.2944660017e+00
3.3500000000e+00 1.9502915882e+02 2.1606137803e+00
3.4000000000e+00 1.9215256773e+02 1.9942047688e+00
3.4500000000e+00 1.8961615417e+02 1.8419167590e+00
3.5000000000e+00 1.8895699206e+02 2.2193040611e+00
3.5500000000e+00 1.8992354171e+02 2.4273208287e+00
3.6000000000e+00 1.9087647333e+02 2.1482951964e+00
3.6500000000e+00 1.9372925752e+02 1.9814437272e+00
3.7000000000e+00 1.9693743880e+02 2.0286943739e+00
3.7500000000e+00 2.0136932453e+02 2.1054054061e+00
3.8000000000e+00 2.0495582693e+02 2.3421922713e+00
3.8500000000e+00 2.0750144438e+02 2.2924626431e+00
3.9000000000e+00 2.0938166334e+02 2.0242147999e+00
3.9500000000e+00 2.1088966755e+02 2.1330343427e+00
4.0000000000e+00 2.1074720193e+02 2.4532325719e+00
4.0500000000e+00 2.0996368870e+02 2.5797495137e+00
4.1000000000e+00 2.0856735671e+02 2.0598980525e+00
4.1500000000e+00 2.0709830546e+02 2.0712420618e+00
4.2000000000e+00 2.0604028246e+02 2.0655987511e+00
4.2500000000e+00 2.0431239345e+02 1.9453859070e+00
4.3000000000e+00 2.0227465094e+02 2.0595626195e+00
4.3500000000e+00 2.0076463663e+02 1.7812506436e+00
4.4000000000e+00 1.9980332615e+02 1.9979407966e+00
4.4500000000e+00 2.0085686893e+02 2.1001460618e+00
4.5000000000e+00 2.0221761072e+02 2.1034060099e+00
4.5500000000e+00 2.0239310452e+02 2.1170984629e+00
4.6000000000e+00 2.0284246487e+02 2.1240273403e+00
4.6500000000e+00 2.0481196002e+02 1.9614438619e+00
4.7000000000e+00 2.0645574173e+02 2.2200997169e+00
4.7500000000e+00 2.0691108506e+02 2.2702165246e+00
4.8000000000e+00 2.0553372554e+02 2.2715560241e+00
4.8500000000e+00 2.0336723217e+02 2.4081166367e+00
4.9000000000e+00 2.0192713311e+02 2.5947644312e+00
4.9500000000e+00 2.0115367431e+02 2.6021280522e+00
5.0000000000e+00 1.9962370550e+02 2.3576365146e+00
time, Ex_field_energy, Ex_max_norm
0.0000000000e+00 5.5855047719e+02 6.4288326100e+00
5.0000000000e-02 5.5753944927e+02 5.9103320475e+00
1.0000000000e-01 5.5481534391e+02 6.4855277881e+00
1.5000000000e-01 5.5128152106e+02 8.8988565913e+00
2.0000000000e-01 5.4958719990e+02 7.0468384501e+00
2.5000000000e-01 5.4765305036e+02 7.0302042060e+00
3.0000000000e-01 5.4604521175e+02 5.7673576598e+00
3.5000000000e-01 5.4640741973e+02 6.5769794999e+00
4.0000000000e-01 5.4408082682e+02 6.4210177315e+00
4.5000000000e-01 5.3840950664e+02 6.0235519021e+00
5.0000000000e-01 5.3515083172e+02 6.5360738474e+00
5.5000000000e-01 5.3593427580e+02 6.1590789602e+00
6.0000000000e-01 5.2953870415e+02 6.3120058955e+00
6.5000000000e-01 5.2819671441e+02 5.7067486042e+00
7.0000000000e-01 5.1923544259e+02 7.8863980252e+00
7.5000000000e-01 5.1200034857e+02 5.4175276730e+00
8.0000000000e-01 5.1470374308e+02 7.1024485645e+00
8.5000000000e-01 5.1394522255e+02 7.9166067126e+00
9.0000000000e-01 5.0678733574e+02 6.3869156498e+00
9.5000000000e-01 5.0650556147e+02 5.2332088632e+00
1.0000000000e+00 5.1015552663e+02 7.1310589637e+00
1.0500000000e+00 5.0896519125e+02 5.7676478117e+00
1.1000000000e+00 5.1127342562e+02 6.1208512622e+00
1.1500000000e+00 5.0872518808e+02 6.4323604399e+00
1.2000000000e+00 5.0534494237e+02 5.9979786303e+00
1.2500000000e+00 5.0594171266e+02 6.3157069621e+00
1.3000000000e+00 5.0244716901e+02 6.4270433842e+00
1.3500000000e+00 5.0380556731e+02 6.9794940669e+00
1.4000000000e+00 5.0300618181e+02 6.0464999345e+00
1.4500000000e+00 4.9874952876e+02 6.2940181758e+00
1.5000000000e+00 4.9960969329e+02 5.9172645199e+00
1.5500000000e+00 4.9913591077e+02 6.8570883027e+00
1.6000000000e+00 4.9775316077e+02 5.9715188531e+00
1.6500000000e+00 4.9864099921e+02 6.3083912159e+00
1.7000000000e+00 4.9711186981e+02 6.5998915438e+00
1.7500000000e+00 4.9958651856e+02 6.9069653124e+00
1.8000000000e+00 5.0070378801e+02 8.4611508506e+00
1.8500000000e+00 5.0223518204e+02 7.0191654449e+00
1.9000000000e+00 5.0515156172e+02 6.6064874823e+00
1.9500000000e+00 5.0154121372e+02 6.5352626479e+00
2.0000000000e+00 5.0578696417e+02 6.2179027758e+00
2.0500000000e+00 5.0474221523e+02 6.5708396047e+00
2.1000000000e+00 5.0364872943e+02 7.0141362207e+00
2.1500000000e+00 5.1063256398e+02 6.5459375205e+00
2.2000000000e+00 5.0752126163e+02 6.7446152181e+00
2.2500000000e+00 5.0755150223e+02 5.9521221257e+00
2.3000000000e+00 5.0493939590e+02 5.5988426901e+00
2.3500000000e+00 5.0521602032e+02 5.7283681664e+00
2.4000000000e+00 5.0805430155e+02 5.6185448624e+00
2.4500000000e+00 5.0557816259e+02 5.6725399585e+00
2.5000000000e+00 5.0382244731e+02 5.3075320438e+00
2.5500000000e+00 5.0277704275e+02 5.9378143219e+00
2.6000000000e+00 5.0478786107e+02 6.1197694293e+00
2.6500000000e+00 5.0074125770e+02 5.8340260754e+00
2.7000000000e+00 4.9925909141e+02 6.8445420713e+00
2.7500000000e+00 4.9669450953e+02 5.7068625325e+00
2.8000000000e+00 4.9235279978e+02 5.8387776549e+00
2.8500000000e+00 4.8989706766e+02 6.2026758350e+00
2.9000000000e+00 4.8997781009e+02 6.1197181752e+00
2.9500000000e+00 4.8697920906e+02 5.3061752108e+00
3.0000000000e+00 4.8251176511e+02 5.8002323471e+00
3.0500000000e+00 4.8205146196e+02 5.8932572189e+00
3.1000000000e+00 4.7885344707e+02 6.1397415524e+00
3.1500000000e+00 4.7796519587e+02 6.0715681147e+00
3.2000000000e+00 4.8293480630e+02 6.7125295728e+00
3.2500000000e+00 4.8315765563e+02 6.6658643086e+00
3.3000000000e+00 4.8061281324e+02 7.7798795690e+00
3.3500000000e+00 4.8041083404e+02 5.6338314453e+00
3.4000000000e+00 4.7824650043e+02 6.4753487279e+00
3.4500000000e+00 4.7679937714e+02 5.5494492250e+00
3.5000000000e+00 4.7923746632e+02 6.0088993735e+00
3.5500000000e+00 4.8154603991e+02 6.3124960691e+00
3.6000000000e+00 4.8127927298e+02 6.0788660032e+00
3.6500000000e+00 4.7929212480e+02 6.9075698412e+00
3.7000000000e+00 4.8225185326e+02 6.3502769091e+00
3.7500000000e+00 4.8325856580e+02 5.5247133939e+00
3.8000000000e+00 4.8360563249e+02 6.7493726708e+00
3.8500000000e+00 4.8147062042e+02 6.4439771074e+00
3.9000000000e+00 4.8220914909e+02 8.2235734842e+00
3.9500000000e+00 4.8455836046e+02 7.1440212154e+00
4.0000000000e+00 4.8012288097e+02 5.6180071648e+00
4.0500000000e+00 4.8150274505e+02 6.6426040410e+00
4.1000000000e+00 4.7938878967e+02 6.6259095732e+00
4.1500000000e+00 4.7746317829e+02 6.8396100023e+00
4.2000000000e+00 4.7630205728e+02 5.5823005485e+00
4.2500000000e+00 4.7707906846e+02 6.4428644930e+00
4.3000000000e+00 4.7994099293e+02 7.1864571973e+00
4.3500000000e+00 4.8128194719e+02 5.6553491992e+00
4.4000000000e+00 4.8218071095e+02 6.0710109059e+00
4.4500000000e+00 4.8322210636e+02 6.7210032916e+00
4.5000000000e+00 4.8590697005e+02 5.9360367147e+00
4.5500000000e+00 4.8442151307e+02 6.1046001566e+00
4.6000000000e+00 4.8113990776e+02 6.4835371369e+00
4.6500000000e+00 4.8022439439e+02 6.2245771565e+00
4.7000000000e+00 4.8063982310e+02 5.6902844307e+00
4.7500000000e+00 4.8140843623e+02 5.2955371273e+00
4.8000000000e+00 4.8137268516e+02 6.5683589231e+00
4.8500000000e+00 4.7820388022e+02 5.9215055234e+00
4.9000000000e+00 4.8113070979e+02 6.6563989655e+00
4.9500000000e+00 4.8109087567e+02 6.1910756886e+00
5.0000000000e+00 4.8095756352e+02 5.9709311667e+00
time, Ex_field_energy, Ex_max_norm
0.0000000000e+00 1.1374745988e+03 2.0347407356e+01
4.9087385212e-02 1.1337368388e+03 2.1127279585e+01
9.8174770425e-02 1.1324086149e+03 2.0993271282e+01
1.4726215564e-01 1.1355477939e+03 2.4852250879e+01
1.9634954085e-01 1.1270988123e+03 2.0490263791e+01
2.4543692606e-01 1.1202924595e+03 2.0356950684e+01
2.9452431127e-01 1.1249814424e+03 2.1056399717e+01
3.4361169649e-01 1.1230470221e+03 2.1069627945e+01
3.9269908170e-01 1.1223631482e+03 2.0198491041e+01
4.4178646691e-01 1.1200306891e+03 2.3904074690e+01
4.9087385212e-01 1.1193863349e+03 2.0512800278e+01
5.3996123734e-01 1.1147937385e+03 1.9889306339e+01
5.8904862255e-01 1.1182512648e+03 2.0701312777e+01
time, Ex_field_energy, Ex_max_norm
0.0000000000e+00 nan -1.7976931349e+308
5.0000000000e-02 nan -1.7976931349e+308
1.0000000000e-01 nan -1.7976931349e+308
1.5000000000e-01 nan -1.7976931349e+308
2.0000000000e-01 nan -1.7976931349e+308
2.5000000000e-01 nan -1.7976931349e+308
3.0000000000e-01 nan -1.7976931349e+308
3.5000000000e-01 nan -1.7976931349e+308
4.0000000000e-01 nan -1.7976931349e+308
4.5000000000e-01 nan -1.7976931349e+308
5.0000000000e-01 nan -1.7976931349e+308
5.5000000000e-01 nan -1.7976931349e+308
6.0000000000e-01 nan -1.7976931349e+308
6.5000000000e-01 nan -1.7976931349e+308
7.0000000000e-01 nan -1.7976931349e+308
7.5000000000e-01 nan -1.7976931349e+308
8.0000000000e-01 nan -1.7976931349e+308
8.5000000000e-01 nan -1.7976931349e+308
9.0000000000e-01 nan -1.7976931349e+308
9.5000000000e-01 nan -1.7976931349e+308
1.0000000000e+00 nan -1.7976931349e+308
1.0500000000e+00 nan -1.7976931349e+308
1.1000000000e+00 nan -1.7976931349e+308
1.1500000000e+00 nan -1.7976931349e+308
1.2000000000e+00 nan -1.7976931349e+308
1.2500000000e+00 nan -1.7976931349e+308
1.3000000000e+00 nan -1.7976931349e+308
1.3500000000e+00 nan -1.7976931349e+308
1.4000000000e+00 nan -1.7976931349e+308
1.4500000000e+00 nan -1.7976931349e+308
1.5000000000e+00 nan -1.7976931349e+308
1.5500000000e+00 nan -1.7976931349e+308
1.6000000000e+00 nan -1.7976931349e+308
1.6500000000e+00 nan -1.7976931349e+308
1.7000000000e+00 nan -1.7976931349e+308
1.7500000000e+00 nan -1.7976931349e+308
1.8000000000e+00 nan -1.7976931349e+308
1.8500000000e+00 nan -1.7976931349e+308
1.9000000000e+00 nan -1.7976931349e+308
1.9500000000e+00 nan -1.7976931349e+308
2.0000000000e+00 nan -1.7976931349e+308
2.0500000000e+00 nan -1.7976931349e+308
2.1000000000e+00 nan -1.7976931349e+308
2.1500000000e+00 nan -1.7976931349e+308
2.2000000000e+00 nan -1.7976931349e+308
2.2500000000e+00 nan -1.7976931349e+308
2.3000000000e+00 nan -1.7976931349e+308
2.3500000000e+00 nan -1.7976931349e+308
2.4000000000e+00 nan -1.7976931349e+308
2.4500000000e+00 nan -1.7976931349e+308
2.5000000000e+00 nan -1.7976931349e+308
2.5500000000e+00 nan -1.7976931349e+308
2.6000000000e+00 nan -1.7976931349e+308
2.6500000000e+00 nan -1.7976931349e+308
2.7000000000e+00 nan -1.7976931349e+308
2.7500000000e+00 nan -1.7976931349e+308
2.8000000000e+00 nan -1.7976931349e+308
2.8500000000e+00 nan -1.7976931349e+308
2.9000000000e+00 nan -1.7976931349e+308
2.9500000000e+00 nan -1.7976931349e+308
3.0000000000e+00 nan -1.7976931349e+308
3.0500000000e+00 nan -1.7976931349e+308
3.1000000000e+00 nan -1.7976931349e+308
3.1500000000e+00 nan -1.7976931349e+308
3.2000000000e+00 nan -1.7976931349e+308
3.2500000000e+00 nan -1.7976931349e+308
3.3000000000e+00 nan -1.7976931349e+308
3.3500000000e+00 nan -1.7976931349e+308
3.4000000000e+00 nan -1.7976931349e+308
3.4500000000e+00 nan -1.7976931349e+308
3.5000000000e+00 nan -1.7976931349e+308
3.5500000000e+00 nan -1.7976931349e+308
3.6000000000e+00 nan -1.7976931349e+308
3.6500000000e+00 nan -1.7976931349e+308
3.7000000000e+00 nan -1.7976931349e+308
3.7500000000e+00 nan -1.7976931349e+308
3.8000000000e+00 nan -1.7976931349e+308
3.8500000000e+00 nan -1.7976931349e+308
3.9000000000e+00 nan -1.7976931349e+308
3.9500000000e+00 nan -1.7976931349e+308
4.0000000000e+00 nan -1.7976931349e+308
4.0500000000e+00 nan -1.7976931349e+308
4.1000000000e+00 nan -1.7976931349e+308
4.1500000000e+00 nan -1.7976931349e+308
4.2000000000e+00 nan -1.7976931349e+308
4.2500000000e+00 nan -1.7976931349e+308
4.3000000000e+00 nan -1.7976931349e+308
4.3500000000e+00 nan -1.7976931349e+308
4.4000000000e+00 nan -1.7976931349e+308
4.4500000000e+00 nan -1.7976931349e+308
4.5000000000e+00 nan -1.7976931349e+308
4.5500000000e+00 nan -1.7976931349e+308
4.6000000000e+00 nan -1.7976931349e+308
4.6500000000e+00 nan -1.7976931349e+308
4.7000000000e+00 nan -1.7976931349e+308
4.7500000000e+00 nan -1.7976931349e+308
4.8000000000e+00 nan -1.7976931349e+308
4.8500000000e+00 nan -1.7976931349e+308
4.9000000000e+00 nan -1.7976931349e+308
4.9500000000e+00 nan -1.7976931349e+308
5.0000000000e+00 nan -1.7976931349e+308
time, Ex_field_energy, Ex_max_norm
0.0000000000e+00 nan -1.7976931349e+308
5.0000000000e-02 nan -1.7976931349e+308
time, Ex_field_energy, Ex_max_norm
0.0000000000e+00 5.5851578117e+02 6.4287512262e+00
5.0000000000e-02 5.5214468287e+02 5.8920930788e+00
1.0000000000e-01 5.5482691315e+02 6.4858429174e+00
1.5000000000e-01 5.5093173009e+02 8.8911887883e+00
2.0000000000e-01 5.4964426256e+02 7.0536874685e+00
2.5000000000e-01 5.4768739518e+02 7.0295117918e+00
3.0000000000e-01 5.4611599266e+02 5.7662735952e+00
3.5000000000e-01 5.4645896064e+02 6.5750402634e+00
4.0000000000e-01 5.4421829436e+02 6.4173607758e+00
4.5000000000e-01 5.5022227814e+02 6.0999189326e+00
5.0000000000e-01 5.3532457938e+02 6.5370030312e+00
5.5000000000e-01 5.3678418743e+02 6.1835041413e+00
6.0000000000e-01 5.2989682924e+02 6.3155069425e+00
6.5000000000e-01 5.2836970218e+02 5.7328546904e+00
7.0000000000e-01 5.1980028532e+02 7.9117530294e+00
time, Ex_field_energy, Ex_max_norm
0.0000000000e+00 5.5855047718e+02 6.4288326101e+00
5.0000000000e-02 5.5753944927e+02 5.9103320476e+00
1.0000000000e-01 5.5481534391e+02 6.4855277881e+00
1.5000000000e-01 5.5128152105e+02 8.8988565913e+00
2.0000000000e-01 5.4958719989e+02 7.0468384501e+00
2.5000000000e-01 5.4765305036e+02 7.0302042059e+00
3.0000000000e-01 5.4604521175e+02 5.7673576598e+00
3.5000000000e-01 5.4640741973e+02 6.5769794996e+00
4.0000000000e-01 5.4408082682e+02 6.4210177312e+00
4.5000000000e-01 5.3840950664e+02 6.0235519020e+00
5.0000000000e-01 5.3515083172e+02 6.5360738475e+00
5.5000000000e-01 5.3593427580e+02 6.1590789603e+00
6.0000000000e-01 5.2953870415e+02 6.3120058955e+00
6.5000000000e-01 5.2819671442e+02 5.7067486043e+00
7.0000000000e-01 5.1923544259e+02 7.8863980251e+00
7.5000000000e-01 5.1200034857e+02 5.4175276729e+00
8.0000000000e-01 5.1470374308e+02 7.1024485646e+00
8.5000000000e-01 5.1394522255e+02 7.9166067110e+00
9.0000000000e-01 5.0678733574e+02 6.3869156482e+00
9.5000000000e-01 5.0650556148e+02 5.2332088636e+00
1.0000000000e+00 5.1015552664e+02 7.1310589646e+00
1.0500000000e+00 5.0896519126e+02 5.7676478119e+00
1.1000000000e+00 5.1127342562e+02 6.1208512623e+00
1.1500000000e+00 5.0872518808e+02 6.4323604402e+00
1.2000000000e+00 5.0534494237e+02 5.9979786312e+00
1.2500000000e+00 5.0594171266e+02 6.3157069622e+00
1.3000000000e+00 5.0244716900e+02 6.4270433848e+00
1.3500000000e+00 5.0380556730e+02 6.9794940656e+00
1.4000000000e+00 5.0300618181e+02 6.0464999349e+00
1.4500000000e+00 4.9874952876e+02 6.2940181744e+00
1.5000000000e+00 4.9960969329e+02 5.9172645207e+00
1.5500000000e+00 4.9913591077e+02 6.8570883037e+00
1.6000000000e+00 4.9775316077e+02 5.9715188528e+00
1.6500000000e+00 4.9864099921e+02 6.3083912165e+00
1.7000000000e+00 4.9711186981e+02 6.5998915439e+00
1.7500000000e+00 4.9958651855e+02 6.9069653129e+00
1.8000000000e+00 5.0070378800e+02 8.4611508510e+00
1.8500000000e+00 5.0223518203e+02 7.0191654447e+00
1.9000000000e+00 5.0515156171e+02 6.6064874799e+00
1.9500000000e+00 5.0154121372e+02 6.5352626482e+00
2.0000000000e+00 5.0578696418e+02 6.2179027778e+00
2.0500000000e+00 5.0474221522e+02 6.5708396021e+00
2.1000000000e+00 5.0364872942e+02 7.0141362173e+00
2.1500000000e+00 5.1063256397e+02 6.5459375156e+00
2.2000000000e+00 5.0752126164e+02 6.7446152203e+00
2.2500000000e+00 5.0755150223e+02 5.9521221256e+00
2.3000000000e+00 5.0493939590e+02 5.5988426946e+00
2.3500000000e+00 5.0521602031e+02 5.7283681724e+00
2.4000000000e+00 5.0805430156e+02 5.6185448662e+00
2.4500000000e+00 5.0557816261e+02 5.6725399559e+00
2.5000000000e+00 5.0382244732e+02 5.3075320318e+00
2.5500000000e+00 5.0277704274e+02 5.9378143213e+00
2.6000000000e+00 5.0478786106e+02 6.1197694329e+00
2.6500000000e+00 5.0074125769e+02 5.8340260782e+00
2.7000000000e+00 4.9925909142e+02 6.8445420599e+00
2.7500000000e+00 4.9669450953e+02 5.7068625341e+00
2.8000000000e+00 4.9235279976e+02 5.8387776559e+00
2.8500000000e+00 4.8989706771e+02 6.2026758370e+00
2.9000000000e+00 4.8997781010e+02 6.1197181708e+00
2.9500000000e+00 4.8697920906e+02 5.3061752161e+00
3.0000000000e+00 4.8251176513e+02 5.8002323467e+00
3.0500000000e+00 4.8205146197e+02 5.8932572187e+00
3.1000000000e+00 4.7885344708e+02 6.1397415589e+00
3.1500000000e+00 4.7796519584e+02 6.0715680988e+00
3.2000000000e+00 4.8293480630e+02 6.7125295657e+00
3.2500000000e+00 4.8315765567e+02 6.6658643122e+00
3.3000000000e+00 4.8061281325e+02 7.7798795836e+00
3.3500000000e+00 4.8041083407e+02 5.6338314375e+00
3.4000000000e+00 4.7824650039e+02 6.4753487303e+00
3.4500000000e+00 4.7679937710e+02 5.5494492330e+00
3.5000000000e+00 4.7923746632e+02 6.0088993751e+00
3.5500000000e+00 4.8154603986e+02 6.3124960779e+00
3.6000000000e+00 4.8127927298e+02 6.0788659999e+00
3.6500000000e+00 4.7929212481e+02 6.9075698429e+00
3.7000000000e+00 4.8225185328e+02 6.3502769238e+00
3.7500000000e+00 4.8325856582e+02 5.5247133959e+00
3.8000000000e+00 4.8360563249e+02 6.7493726583e+00
3.8500000000e+00 4.8147062039e+02 6.4439770715e+00
3.9000000000e+00 4.8220914909e+02 8.2235734342e+00
3.9500000000e+00 4.8455836039e+02 7.1440211558e+00
4.0000000000e+00 4.8012288093e+02 5.6180071875e+00
4.0500000000e+00 4.8150274501e+02 6.6426040534e+00
4.1000000000e+00 4.7938878964e+02 6.6259095775e+00
4.1500000000e+00 4.7746317827e+02 6.8396100154e+00
4.2000000000e+00 4.7630205725e+02 5.5823005540e+00
4.2500000000e+00 4.7707906847e+02 6.4428644885e+00
4.3000000000e+00 4.7994099289e+02 7.1864571887e+00
4.3500000000e+00 4.8128194713e+02 5.6553492291e+00
4.4000000000e+00 4.8218071092e+02 6.0710109402e+00
4.4500000000e+00 4.8322210630e+02 6.7210032830e+00
4.5000000000e+00 4.8590697013e+02 5.9360367095e+00
4.5500000000e+00 4.8442151294e+02 6.1046001704e+00
time, Ex_field_energy, Ex_max_norm
0.0000000000e+00 5.5855047718e+02 6.4288326101e+00
5.0000000000e-02 5.5753944927e+02 5.9103320476e+00
1.0000000000e-01 5.5481534391e+02 6.4855277881e+00
1.5000000000e-01 5.5128152105e+02 8.8988565913e+00
2.0000000000e-01 5.4958719989e+02 7.0468384501e+00
2.5000000000e-01 5.4765305036e+02 7.0302042059e+00
3.0000000000e-01 5.4604521175e+02 5.7673576598e+00
3.5000000000e-01 5.4640741973e+02 6.5769794996e+00
4.0000000000e-01 5.4408082682e+02 6.4210177312e+00
4.5000000000e-01 5.3840950664e+02 6.0235519020e+00
5.0000000000e-01 5.3515083172e+02 6.5360738475e+00
5.5000000000e-01 5.3593427580e+02 6.1590789603e+00
6.0000000000e-01 5.2953870415e+02 6.3120058955e+00
6.5000000000e-01 5.2819671442e+02 5.7067486043e+00
7.0000000000e-01 5.1923544259e+02 7.8863980251e+00
7.5000000000e-01 5.1200034857e+02 5.4175276729e+00
8.0000000000e-01 5.1470374308e+02 7.1024485646e+00
8.5000000000e-01 5.1394522255e+02 7.9166067110e+00
9.0000000000e-01 5.0678733574e+02 6.3869156482e+00
9.5000000000e-01 5.0650556148e+02 5.2332088636e+00
1.0000000000e+00 5.1015552664e+02 7.1310589646e+00
1.0500000000e+00 5.0896519126e+02 5.7676478119e+00
1.1000000000e+00 5.1127342562e+02 6.1208512623e+00
1.1500000000e+00 5.0872518808e+02 6.4323604402e+00
1.2000000000e+00 5.0534494237e+02 5.9979786312e+00
1.2500000000e+00 5.0594171266e+02 6.3157069622e+00
1.3000000000e+00 5.0244716900e+02 6.4270433848e+00
1.3500000000e+00 5.0380556730e+02 6.9794940656e+00
1.4000000000e+00 5.0300618181e+02 6.0464999349e+00
1.4500000000e+00 4.9874952876e+02 6.2940181744e+00
1.5000000000e+00 4.9960969329e+02 5.9172645207e+00
1.5500000000e+00 4.9913591077e+02 6.8570883037e+00
1.6000000000e+00 4.9775316077e+02 5.9715188528e+00
1.6500000000e+00 4.9864099921e+02 6.3083912165e+00
1.7000000000e+00 4.9711186981e+02 6.5998915439e+00
1.7500000000e+00 4.9958651855e+02 6.9069653129e+00
1.8000000000e+00 5.0070378800e+02 8.4611508510e+00
1.8500000000e+00 5.0223518203e+02 7.0191654447e+00
1.9000000000e+00 5.0515156171e+02 6.6064874799e+00
1.9500000000e+00 5.0154121372e+02 6.5352626482e+00
2.0000000000e+00 5.0578696418e+02 6.2179027778e+00
2.0500000000e+00 5.0474221522e+02 6.5708396021e+00
2.1000000000e+00 5.0364872942e+02 7.0141362173e+00
2.1500000000e+00 5.1063256397e+02 6.5459375156e+00
2.2000000000e+00 5.0752126164e+02 6.7446152203e+00
2.2500000000e+00 5.0755150223e+02 5.9521221256e+00
2.3000000000e+00 5.0493939590e+02 5.5988426946e+00
2.3500000000e+00 5.0521602031e+02 5.7283681724e+00
2.4000000000e+00 5.0805430156e+02 5.6185448662e+00
2.4500000000e+00 5.0557816261e+02 5.6725399559e+00
time, Ex_field_energy, Ex_max_norm
0.0000000000e+00 5.5855047719e+02 6.4288326100e+00
5.0000000000e-02 5.5753944927e+02 5.9103320475e+00
1.0000000000e-01 5.5481534391e+02 6.4855277881e+00
1.5000000000e-01 5.5128152106e+02 8.8988565913e+00
2.0000000000e-01 5.4958719990e+02 7.0468384501e+00
2.5000000000e-01 5.4765305036e+02 7.0302042060e+00
3.0000000000e-01 5.4604521175e+02 5.7673576598e+00
3.5000000000e-01 5.4640741973e+02 6.5769794999e+00
4.0000000000e-01 5.4408082682e+02 6.4210177315e+00
4.5000000000e-01 5.3840950664e+02 6.0235519021e+00
5.0000000000e-01 5.3515083172e+02 6.5360738474e+00
5.5000000000e-01 5.3593427580e+02 6.1590789602e+00
6.0000000000e-01 5.2953870415e+02 6.3120058955e+00
6.5000000000e-01 5.2819671441e+02 5.7067486042e+00
7.0000000000e-01 5.1923544259e+02 7.8863980252e+00
7.5000000000e-01 5.1200034857e+02 5.4175276730e+00
8.0000000000e-01 5.1470374308e+02 7.1024485645e+00
8.5000000000e-01 5.1394522255e+02 7.9166067126e+00
9.0000000000e-01 5.0678733574e+02 6.3869156498e+00
9.5000000000e-01 5.0650556147e+02 5.2332088632e+00
1.0000000000e+00 5.1015552663e+02 7.1310589637e+00
1.0500000000e+00 5.0896519125e+02 5.7676478117e+00
1.1000000000e+00 5.1127342562e+02 6.1208512622e+00
1.1500000000e+00 5.0872518808e+02 6.4323604399e+00
1.2000000000e+00 5.0534494237e+02 5.9979786303e+00
1.2500000000e+00 5.0594171266e+02 6.3157069621e+00
1.3000000000e+00 5.0244716901e+02 6.4270433842e+00
1.3500000000e+00 5.0380556731e+02 6.9794940669e+00
1.4000000000e+00 5.0300618181e+02 6.0464999345e+00
1.4500000000e+00 4.9874952876e+02 6.2940181758e+00
1.5000000000e+00 4.9960969329e+02 5.9172645199e+00
1.5500000000e+00 4.9913591077e+02 6.8570883027e+00
1.6000000000e+00 4.9775316077e+02 5.9715188531e+00
1.6500000000e+00 4.9864099921e+02 6.3083912159e+00
1.7000000000e+00 4.9711186981e+02 6.5998915438e+00
1.7500000000e+00 4.9958651856e+02 6.9069653124e+00
1.8000000000e+00 5.0070378801e+02 8.4611508506e+00
1.8500000000e+00 5.0223518204e+02 7.0191654449e+00
1.9000000000e+00 5.0515156172e+02 6.6064874823e+00
1.9500000000e+00 5.0154121372e+02 6.5352626479e+00
2.0000000000e+00 5.0578696417e+02 6.2179027758e+00
2.0500000000e+00 5.0474221523e+02 6.5708396047e+00
2.1000000000e+00 5.0364872943e+02 7.0141362207e+00
2.1500000000e+00 5.1063256398e+02 6.5459375205e+00
2.2000000000e+00 5.0752126163e+02 6.7446152181e+00
2.2500000000e+00 5.0755150223e+02 5.9521221257e+00
2.3000000000e+00 5.0493939590e+02 5.5988426901e+00
2.3500000000e+00 5.0521602032e+02 5.7283681664e+00
2.4000000000e+00 5.0805430155e+02 5.6185448624e+00
2.4500000000e+00 5.0557816259e+02 5.6725399585e+00
2.5000000000e+00 5.0382244731e+02 5.3075320438e+00
2.5500000000e+00 5.0277704275e+02 5.9378143219e+00
2.6000000000e+00 5.0478786107e+02 6.1197694293e+00
2.6500000000e+00 5.0074125770e+02 5.8340260754e+00
2.7000000000e+00 4.9925909141e+02 6.8445420713e+00
2.7500000000e+00 4.9669450953e+02 5.7068625325e+00
2.8000000000e+00 4.9235279978e+02 5.8387776549e+00
2.8500000000e+00 4.8989706766e+02 6.2026758350e+00
2.9000000000e+00 4.8997781009e+02 6.1197181752e+00
2.9500000000e+00 4.8697920906e+02 5.3061752108e+00
3.0000000000e+00 4.8251176511e+02 5.8002323471e+00
3.0500000000e+00 4.8205146196e+02 5.8932572189e+00
3.1000000000e+00 4.7885344707e+02 6.1397415524e+00
3.1500000000e+00 4.7796519587e+02 6.0715681147e+00
3.2000000000e+00 4.8293480630e+02 6.7125295728e+00
3.2500000000e+00 4.8315765563e+02 6.6658643086e+00
3.3000000000e+00 4.8061281324e+02 7.7798795690e+00
3.3500000000e+00 4.8041083404e+02 5.6338314453e+00
3.4000000000e+00 4.7824650043e+02 6.4753487279e+00
3.4500000000e+00 4.7679937714e+02 5.5494492250e+00
3.5000000000e+00 4.7923746632e+02 6.0088993735e+00
3.5500000000e+00 4.8154603991e+02 6.3124960691e+00
3.6000000000e+00 4.8127927298e+02 6.0788660032e+00
time, Ex_field_energy, Ex_max_norm
0.0000000000e+00 5.5855047720e+02 6.4288326097e+00
5.0000000000e-02 5.5753944928e+02 5.9103320478e+00
1.0000000000e-01 5.5481534391e+02 6.4855277881e+00
1.5000000000e-01 5.5128152106e+02 8.8988565914e+00
2.0000000000e-01 5.4958719990e+02 7.0468384502e+00
2.5000000000e-01 5.4765305036e+02 7.0302042060e+00
3.0000000000e-01 5.4604521175e+02 5.7673576597e+00
3.5000000000e-01 5.4640741972e+02 6.5769794987e+00
4.0000000000e-01 5.4408082682e+02 6.4210177310e+00
4.5000000000e-01 5.3840950663e+02 6.0235519028e+00
5.0000000000e-01 5.3515083172e+02 6.5360738483e+00
5.5000000000e-01 5.3593427580e+02 6.1590789646e+00
6.0000000000e-01 5.2953870415e+02 6.3120058929e+00
6.5000000000e-01 5.2819671441e+02 5.7067486020e+00
7.0000000000e-01 5.1923544259e+02 7.8863980248e+00
7.5000000000e-01 5.1200034857e+02 5.4175276742e+00
8.0000000000e-01 5.1470374309e+02 7.1024485651e+00
8.5000000000e-01 5.1394522255e+02 7.9166067068e+00
9.0000000000e-01 5.0678733574e+02 6.3869156443e+00
9.5000000000e-01 5.0650556149e+02 5.2332088657e+00
1.0000000000e+00 5.1015552665e+02 7.1310589707e+00
1.0500000000e+00 5.0896519128e+02 5.7676478116e+00
1.1000000000e+00 5.1127342563e+02 6.1208512667e+00
1.1500000000e+00 5.0872518811e+02 6.4323604352e+00
1.2000000000e+00 5.0534494238e+02 5.9979786376e+00
1.2500000000e+00 5.0594171266e+02 6.3157069625e+00
1.3000000000e+00 5.0244716899e+02 6.4270433774e+00
1.3500000000e+00 5.0380556730e+02 6.9794940631e+00
1.4000000000e+00 5.0300618179e+02 6.0464999325e+00
1.4500000000e+00 4.9874952873e+02 6.2940181843e+00
1.5000000000e+00 4.9960969326e+02 5.9172645231e+00
1.5500000000e+00 4.9913591076e+02 6.8570882974e+00
1.6000000000e+00 4.9775316075e+02 5.9715188519e+00
1.6500000000e+00 4.9864099918e+02 6.3083912208e+00
1.7000000000e+00 4.9711186976e+02 6.5998915339e+00
1.7500000000e+00 4.9958651853e+02 6.9069653166e+00
1.8000000000e+00 5.0070378798e+02 8.4611508508e+00
1.8500000000e+00 5.0223518196e+02 7.0191654261e+00
1.9000000000e+00 5.0515156164e+02 6.6064875000e+00
1.9500000000e+00 5.0154121371e+02 6.5352626630e+00
2.0000000000e+00 5.0578696416e+02 6.2179027795e+00
2.0500000000e+00 5.0474221523e+02 6.5708395947e+00
2.1000000000e+00 5.0364872936e+02 7.0141361901e+00
2.1500000000e+00 5.1063256395e+02 6.5459375016e+00
2.2000000000e+00 5.0752126165e+02 6.7446152076e+00
2.2500000000e+00 5.0755150223e+02 5.9521221301e+00
2.3000000000e+00 5.0493939590e+02 5.5988427497e+00
2.3500000000e+00 5.0521602027e+02 5.7283681692e+00
2.4000000000e+00 5.0805430158e+02 5.6185448799e+00
2.4500000000e+00 5.0557816257e+02 5.6725398881e+00
2.5000000000e+00 5.0382244734e+02 5.3075320280e+00
2.5500000000e+00 5.0277704273e+02 5.9378143051e+00
2.6000000000e+00 5.0478786106e+02 6.1197694306e+00
2.6500000000e+00 5.0074125766e+02 5.8340260847e+00
2.7000000000e+00 4.9925909141e+02 6.8445420622e+00
2.7500000000e+00 4.9669450959e+02 5.7068625302e+00
2.8000000000e+00 4.9235279970e+02 5.8387776544e+00
2.8500000000e+00 4.8989706765e+02 6.2026758143e+00
2.9000000000e+00 4.8997781011e+02 6.1197181681e+00
2.9500000000e+00 4.8697920906e+02 5.3061752227e+00
3.0000000000e+00 4.8251176513e+02 5.8002322957e+00
3.0500000000e+00 4.8205146196e+02 5.8932572236e+00
3.1000000000e+00 4.7885344702e+02 6.1397415623e+00
3.1500000000e+00 4.7796519566e+02 6.0715681024e+00
3.2000000000e+00 4.8293480631e+02 6.7125295654e+00
3.2500000000e+00 4.8315765566e+02 6.6658642906e+00
3.3000000000e+00 4.8061281325e+02 7.7798796134e+00
3.3500000000e+00 4.8041083395e+02 5.6338313938e+00
3.4000000000e+00 4.7824650025e+02 6.4753487225e+00
3.4500000000e+00 4.7679937708e+02 5.5494492621e+00
3.5000000000e+00 4.7923746633e+02 6.0088993858e+00
3.5500000000e+00 4.8154603958e+02 6.3124961040e+00
3.6000000000e+00 4.8127927306e+02 6.0788659181e+00
3.6500000000e+00 4.7929212482e+02 6.9075698574e+00
3.7000000000e+00 4.8225185336e+02 6.3502769724e+00
3.7500000000e+00 4.8325856592e+02 5.5247134116e+00
3.8000000000e+00 4.8360563253e+02 6.7493726579e+00
3.8500000000e+00 4.8147062019e+02 6.4439771042e+00
3.9000000000e+00 4.8220914918e+02 8.2235734843e+00
3.9500000000e+00 4.8455836038e+02 7.1440212479e+00
4.0000000000e+00 4.8012288064e+02 5.6180070195e+00
4.0500000000e+00 4.8150274521e+02 6.6426040380e+00
4.1000000000e+00 4.7938878962e+02 6.6259096542e+00
4.1500000000e+00 4.7746317787e+02 6.8396100782e+00
4.2000000000e+00 4.7630205699e+02 5.5823005173e+00
4.2500000000e+00 4.7707906881e+02 6.4428643922e+00
4.3000000000e+00 4.7994099303e+02 7.1864572727e+00
4.3500000000e+00 4.8128194688e+02 5.6553493500e+00
4.4000000000e+00 4.8218071086e+02 6.0710110590e+00
4.4500000000e+00 4.8322210596e+02 6.7210033550e+00
4.5000000000e+00 4.8590697038e+02 5.9360370026e+00
4.5500000000e+00 4.8442151265e+02 6.1046005926e+00
4.6000000000e+00 4.8113990770e+02 6.4835370808e+00
4.6500000000e+00 4.8022439440e+02 6.2245771562e+00
4.7000000000e+00 4.8063982346e+02 5.6902843537e+00
4.7500000000e+00 4.8140843610e+02 5.2955370146e+00
4.8000000000e+00 4.8137268495e+02 6.5683590219e+00
4.8500000000e+00 4.7820388057e+02 5.9215076442e+00
4.9000000000e+00 4.8113071037e+02 6.6563990418e+00
4.9500000000e+00 4.8109087708e+02 6.1910759246e+00
5.0000000000e+00 4.8095756382e+02 5.9709313514e+00
time, Ex_field_energy, Ex_max_norm
0.0000000000e+00 5.5855047718e+02 6.4288326101e+00
5.0000000000e-02 5.5753944927e+02 5.9103320476e+00
1.0000000000e-01 5.5481534391e+02 6.4855277881e+00
1.5000000000e-01 5.5128152105e+02 8.8988565913e+00
2.0000000000e-01 5.4958719989e+02 7.0468384501e+00
2.5000000000e-01 5.4765305036e+02 7.0302042059e+00
3.0000000000e-01 5.4604521175e+02 5.7673576598e+00
3.5000000000e-01 5.4640741973e+02 6.5769794996e+00
4.0000000000e-01 5.4408082682e+02 6.4210177312e+00
4.5000000000e-01 5.3840950664e+02 6.0235519020e+00
